<?xml version="1.0" encoding="UTF-8" standalone="no"?>
<!-- pycsw 2.4.0 -->
<csw:GetRecordByIdResponse xmlns:atom="http://www.w3.org/2005/Atom" xmlns:csw="http://www.opengis.net/cat/csw/2.0.2" xmlns:dc="http://purl.org/dc/elements/1.1/" xmlns:dct="http://purl.org/dc/terms/" xmlns:gmd="http://www.isotc211.org/2005/gmd" xmlns:gml="http://www.opengis.net/gml" xmlns:ows="http://www.opengis.net/ows" xmlns:xs="http://www.w3.org/2001/XMLSchema" xmlns:xsi="http://www.w3.org/2001/XMLSchema-instance" xsi:schemaLocation="http://www.opengis.net/cat/csw/2.0.2 http://schemas.opengis.net/csw/2.0.2/CSW-discovery.xsd">
  <atom:entry xmlns:georss="http://www.georss.org/georss" xsi:schemaLocation="http://www.w3.org/2005/Atom http://www.kbcafe.com/rss/atom.xsd.xml">
    <atom:author>
      <atom:name>nnetraga</atom:name>
    </atom:author>
    <atom:category term="boundaries"/>
    <atom:category term="neighborhoods"/>
    <atom:contributor>nnetraga</atom:contributor>
    <atom:id>08378214-92bb-11e9-b47d-0242ac120008</atom:id>
    <dc:identifier>08378214-92bb-11e9-b47d-0242ac120008</dc:identifier>
    <atom:link href="http://dataexchange.asu.edu:80/download/29" title="Arizona Buildings Age by Boundaries (Original Dataset Format)" type="WWW:DOWNLOAD-1.0-http--download"/>
    <atom:link href="http://dataexchange.asu.edu:80/gs/ows?outputFormat=SHAPE-ZIP&amp;service=WFS&amp;srs=EPSG%3A2868&amp;request=GetFeature&amp;format_options=charset%3AUTF-8&amp;typename=geonode%3AACS_AZ_BldgYR_Tracts&amp;version=1.0.0" title="Arizona Buildings Age by Boundaries (Zipped Shapefile Format)" type="WWW:DOWNLOAD-1.0-http--download"/>
    <atom:link href="http://dataexchange.asu.edu:80/gs/ows?outputFormat=gml2&amp;service=WFS&amp;srs=EPSG%3A2868&amp;request=GetFeature&amp;typename=geonode%3AACS_AZ_BldgYR_Tracts&amp;version=1.0.0" title="Arizona Buildings Age by Boundaries (GML 2.0 Format)" type="WWW:DOWNLOAD-1.0-http--download"/>
    <atom:link href="http://dataexchange.asu.edu:80/gs/ows?outputFormat=text%2Fxml%3B+subtype%3Dgml%2F3.1.1&amp;service=WFS&amp;srs=EPSG%3A2868&amp;request=GetFeature&amp;typename=geonode%3AACS_AZ_BldgYR_Tracts&amp;version=1.0.0" title="Arizona Buildings Age by Boundaries (GML 3.1.1 Format)" type="WWW:DOWNLOAD-1.0-http--download"/>
    <atom:link href="http://dataexchange.asu.edu:80/gs/ows?outputFormat=csv&amp;service=WFS&amp;srs=EPSG%3A2868&amp;request=GetFeature&amp;typename=geonode%3AACS_AZ_BldgYR_Tracts&amp;version=1.0.0" title="Arizona Buildings Age by Boundaries (CSV Format)" type="WWW:DOWNLOAD-1.0-http--download"/>
    <atom:link href="http://dataexchange.asu.edu:80/gs/ows?outputFormat=excel&amp;service=WFS&amp;srs=EPSG%3A2868&amp;request=GetFeature&amp;typename=geonode%3AACS_AZ_BldgYR_Tracts&amp;version=1.0.0" title="Arizona Buildings Age by Boundaries (Excel Format)" type="WWW:DOWNLOAD-1.0-http--download"/>
    <atom:link href="http://dataexchange.asu.edu:80/gs/ows?srsName=EPSG%3A2868&amp;outputFormat=json&amp;service=WFS&amp;srs=EPSG%3A2868&amp;request=GetFeature&amp;typename=geonode%3AACS_AZ_BldgYR_Tracts&amp;version=1.0.0" title="Arizona Buildings Age by Boundaries (GeoJSON Format)" type="WWW:DOWNLOAD-1.0-http--download"/>
    <atom:link href="http://dataexchange.asu.edu:80/layers/geonode:ACS_AZ_BldgYR_Tracts" title="Web address (URL)" type="WWW:LINK-1.0-http--link"/>
    <atom:link href="http://dataexchange.asu.edu:80/gs/ows" title="OGC WMS: geonode Service" type="OGC:WMS"/>
    <atom:link href="http://dataexchange.asu.edu:80/gs/ows?layers=geonode%3AACS_AZ_BldgYR_Tracts&amp;service=WMS&amp;format=image%2Fjpeg&amp;request=GetMap&amp;height=550&amp;width=474&amp;bbox=-194115.315616798000000%2C121845.417979002000000%2C1595162.458333330000000%2C2195580.716207350000000&amp;srs=EPSG%3A2868" title="Arizona Buildings Age by Boundaries (JPEG Format)" type="WWW:DOWNLOAD-1.0-http--download"/>
    <atom:link href="http://dataexchange.asu.edu:80/gs/ows?layers=geonode%3AACS_AZ_BldgYR_Tracts&amp;service=WMS&amp;format=application%2Fpdf&amp;request=GetMap&amp;height=550&amp;width=474&amp;bbox=-194115.315616798000000%2C121845.417979002000000%2C1595162.458333330000000%2C2195580.716207350000000&amp;srs=EPSG%3A2868" title="Arizona Buildings Age by Boundaries (PDF Format)" type="WWW:DOWNLOAD-1.0-http--download"/>
    <atom:link href="http://dataexchange.asu.edu:80/gs/ows?layers=geonode%3AACS_AZ_BldgYR_Tracts&amp;service=WMS&amp;format=image%2Fpng&amp;request=GetMap&amp;height=550&amp;width=474&amp;bbox=-194115.315616798000000%2C121845.417979002000000%2C1595162.458333330000000%2C2195580.716207350000000&amp;srs=EPSG%3A2868" title="Arizona Buildings Age by Boundaries (PNG Format)" type="WWW:DOWNLOAD-1.0-http--download"/>
    <atom:link href="http://dataexchange.asu.edu:80/gs/ows?service=WMS&amp;request=GetLegendGraphic&amp;format=image/png&amp;WIDTH=20&amp;HEIGHT=20&amp;LAYER=geonode:ACS_AZ_BldgYR_Tracts&amp;STYLE=ACS_AZ_BldgYR_Tracts&amp;legend_options=fontAntiAliasing:true;fontSize:12;forceLabels:on" title="Arizona Buildings Age by Boundaries (Legend Format)" type="WWW:DOWNLOAD-1.0-http--download"/>
    <atom:link href="http://dataexchange.asu.edu:80/catalogue/csw?service=CSW&amp;version=2.0.2&amp;request=GetRepositoryItem&amp;id=08378214-92bb-11e9-b47d-0242ac120008"/>
    <atom:title>Arizona Buildings Age by Boundaries</atom:title>
    <atom:updated>2019-06-19T17:52:00Z</atom:updated>
    <atom:published>2019-06-19T17:52:00Z</atom:published>
    <atom:summary>Polygon data about the year of construction of the buildings in AZ with tabular data about each county and its boundaries.</atom:summary>
    <georss:where>
      <gml:Envelope srsName="http://www.opengis.net/def/crs/EPSG/0/4326">
        <gml:lowerCorner>31.3030052967 -114.978028369</gml:lowerCorner>
        <gml:upperCorner>36.9942278857 -108.851724317</gml:upperCorner>
      </gml:Envelope>
    </georss:where>
  </atom:entry>
</csw:GetRecordByIdResponse>
