<?xml version="1.0" encoding="UTF-8" standalone="no"?>
<!-- pycsw 2.4.0 -->
<csw:GetRecordByIdResponse xmlns:csw="http://www.opengis.net/cat/csw/2.0.2" xmlns:dc="http://purl.org/dc/elements/1.1/" xmlns:dct="http://purl.org/dc/terms/" xmlns:dif="http://gcmd.gsfc.nasa.gov/Aboutus/xml/dif/" xmlns:gmd="http://www.isotc211.org/2005/gmd" xmlns:gml="http://www.opengis.net/gml" xmlns:ows="http://www.opengis.net/ows" xmlns:xs="http://www.w3.org/2001/XMLSchema" xmlns:xsi="http://www.w3.org/2001/XMLSchema-instance" xsi:schemaLocation="http://www.opengis.net/cat/csw/2.0.2 http://schemas.opengis.net/csw/2.0.2/CSW-discovery.xsd">
  <dif:DIF xsi:schemaLocation="http://gcmd.gsfc.nasa.gov/Aboutus/xml/dif/ http://gcmd.gsfc.nasa.gov/Aboutus/xml/dif/dif.xsd">
    <dif:Entry_ID>08378214-92bb-11e9-b47d-0242ac120008</dif:Entry_ID>
    <dif:Entry_Title>Arizona Buildings Age by Boundaries</dif:Entry_Title>
    <dif:Data_Set_Citation>
      <dif:Dataset_Creator>nnetraga</dif:Dataset_Creator>
      <dif:Dataset_Release_Date>2019-06-19T17:52:00Z</dif:Dataset_Release_Date>
      <dif:Dataset_Publisher>nnetraga</dif:Dataset_Publisher>
      <dif:Data_Presentation_Form>vector</dif:Data_Presentation_Form>
    </dif:Data_Set_Citation>
    <dif:ISO_Topic_Category>boundaries</dif:ISO_Topic_Category>
    <dif:Keyword>boundaries</dif:Keyword>
    <dif:Keyword>neighborhoods</dif:Keyword>
    <dif:Temporal_Coverage>
      <dif:Start_Date/>
      <dif:End_Date/>
    </dif:Temporal_Coverage>
    <dif:Spatial_Coverage>
      <dif:Southernmost_Latitude>31.3030052967</dif:Southernmost_Latitude>
      <dif:Northernmost_Latitude>36.9942278857</dif:Northernmost_Latitude>
      <dif:Westernmost_Longitude>-114.978028369</dif:Westernmost_Longitude>
      <dif:Easternmost_Longitude>-108.851724317</dif:Easternmost_Longitude>
    </dif:Spatial_Coverage>
    <dif:Access_Constraints/>
    <dif:Data_Set_Language>eng</dif:Data_Set_Language>
    <dif:Originating_Center/>
    <dif:Summary>Polygon data about the year of construction of the buildings in AZ with tabular data about each county and its boundaries.</dif:Summary>
    <dif:DIF_Creation_Date>2019-06-19T17:52:00Z</dif:DIF_Creation_Date>
    <dif:Related_URL>
      <dif:URL/>
    </dif:Related_URL>
    <dif:Related_URL>
      <dif:URL_Content_Type>
        <dif:Type>WWW:DOWNLOAD-1.0-http--download</dif:Type>
      </dif:URL_Content_Type>
      <dif:URL>http://dataexchange.asu.edu:80/download/29</dif:URL>
      <dif:Description>Arizona Buildings Age by Boundaries (Original Dataset Format)</dif:Description>
    </dif:Related_URL>
    <dif:Related_URL>
      <dif:URL_Content_Type>
        <dif:Type>WWW:DOWNLOAD-1.0-http--download</dif:Type>
      </dif:URL_Content_Type>
      <dif:URL>http://dataexchange.asu.edu:80/gs/ows?outputFormat=SHAPE-ZIP&amp;service=WFS&amp;srs=EPSG%3A2868&amp;request=GetFeature&amp;format_options=charset%3AUTF-8&amp;typename=geonode%3AACS_AZ_BldgYR_Tracts&amp;version=1.0.0</dif:URL>
      <dif:Description>Arizona Buildings Age by Boundaries (Zipped Shapefile Format)</dif:Description>
    </dif:Related_URL>
    <dif:Related_URL>
      <dif:URL_Content_Type>
        <dif:Type>WWW:DOWNLOAD-1.0-http--download</dif:Type>
      </dif:URL_Content_Type>
      <dif:URL>http://dataexchange.asu.edu:80/gs/ows?outputFormat=gml2&amp;service=WFS&amp;srs=EPSG%3A2868&amp;request=GetFeature&amp;typename=geonode%3AACS_AZ_BldgYR_Tracts&amp;version=1.0.0</dif:URL>
      <dif:Description>Arizona Buildings Age by Boundaries (GML 2.0 Format)</dif:Description>
    </dif:Related_URL>
    <dif:Related_URL>
      <dif:URL_Content_Type>
        <dif:Type>WWW:DOWNLOAD-1.0-http--download</dif:Type>
      </dif:URL_Content_Type>
      <dif:URL>http://dataexchange.asu.edu:80/gs/ows?outputFormat=text%2Fxml%3B+subtype%3Dgml%2F3.1.1&amp;service=WFS&amp;srs=EPSG%3A2868&amp;request=GetFeature&amp;typename=geonode%3AACS_AZ_BldgYR_Tracts&amp;version=1.0.0</dif:URL>
      <dif:Description>Arizona Buildings Age by Boundaries (GML 3.1.1 Format)</dif:Description>
    </dif:Related_URL>
    <dif:Related_URL>
      <dif:URL_Content_Type>
        <dif:Type>WWW:DOWNLOAD-1.0-http--download</dif:Type>
      </dif:URL_Content_Type>
      <dif:URL>http://dataexchange.asu.edu:80/gs/ows?outputFormat=csv&amp;service=WFS&amp;srs=EPSG%3A2868&amp;request=GetFeature&amp;typename=geonode%3AACS_AZ_BldgYR_Tracts&amp;version=1.0.0</dif:URL>
      <dif:Description>Arizona Buildings Age by Boundaries (CSV Format)</dif:Description>
    </dif:Related_URL>
    <dif:Related_URL>
      <dif:URL_Content_Type>
        <dif:Type>WWW:DOWNLOAD-1.0-http--download</dif:Type>
      </dif:URL_Content_Type>
      <dif:URL>http://dataexchange.asu.edu:80/gs/ows?outputFormat=excel&amp;service=WFS&amp;srs=EPSG%3A2868&amp;request=GetFeature&amp;typename=geonode%3AACS_AZ_BldgYR_Tracts&amp;version=1.0.0</dif:URL>
      <dif:Description>Arizona Buildings Age by Boundaries (Excel Format)</dif:Description>
    </dif:Related_URL>
    <dif:Related_URL>
      <dif:URL_Content_Type>
        <dif:Type>WWW:DOWNLOAD-1.0-http--download</dif:Type>
      </dif:URL_Content_Type>
      <dif:URL>http://dataexchange.asu.edu:80/gs/ows?srsName=EPSG%3A2868&amp;outputFormat=json&amp;service=WFS&amp;srs=EPSG%3A2868&amp;request=GetFeature&amp;typename=geonode%3AACS_AZ_BldgYR_Tracts&amp;version=1.0.0</dif:URL>
      <dif:Description>Arizona Buildings Age by Boundaries (GeoJSON Format)</dif:Description>
    </dif:Related_URL>
    <dif:Related_URL>
      <dif:URL_Content_Type>
        <dif:Type>WWW:LINK-1.0-http--link</dif:Type>
      </dif:URL_Content_Type>
      <dif:URL>http://dataexchange.asu.edu:80/layers/geonode:ACS_AZ_BldgYR_Tracts</dif:URL>
      <dif:Description>Web address (URL)</dif:Description>
    </dif:Related_URL>
    <dif:Related_URL>
      <dif:URL_Content_Type>
        <dif:Type>OGC:WMS</dif:Type>
      </dif:URL_Content_Type>
      <dif:URL>http://dataexchange.asu.edu:80/gs/ows</dif:URL>
      <dif:Description>OGC WMS: geonode Service</dif:Description>
    </dif:Related_URL>
    <dif:Related_URL>
      <dif:URL_Content_Type>
        <dif:Type>WWW:DOWNLOAD-1.0-http--download</dif:Type>
      </dif:URL_Content_Type>
      <dif:URL>http://dataexchange.asu.edu:80/gs/ows?layers=geonode%3AACS_AZ_BldgYR_Tracts&amp;service=WMS&amp;format=image%2Fjpeg&amp;request=GetMap&amp;height=550&amp;width=474&amp;bbox=-194115.315616798000000%2C121845.417979002000000%2C1595162.458333330000000%2C2195580.716207350000000&amp;srs=EPSG%3A2868</dif:URL>
      <dif:Description>Arizona Buildings Age by Boundaries (JPEG Format)</dif:Description>
    </dif:Related_URL>
    <dif:Related_URL>
      <dif:URL_Content_Type>
        <dif:Type>WWW:DOWNLOAD-1.0-http--download</dif:Type>
      </dif:URL_Content_Type>
      <dif:URL>http://dataexchange.asu.edu:80/gs/ows?layers=geonode%3AACS_AZ_BldgYR_Tracts&amp;service=WMS&amp;format=application%2Fpdf&amp;request=GetMap&amp;height=550&amp;width=474&amp;bbox=-194115.315616798000000%2C121845.417979002000000%2C1595162.458333330000000%2C2195580.716207350000000&amp;srs=EPSG%3A2868</dif:URL>
      <dif:Description>Arizona Buildings Age by Boundaries (PDF Format)</dif:Description>
    </dif:Related_URL>
    <dif:Related_URL>
      <dif:URL_Content_Type>
        <dif:Type>WWW:DOWNLOAD-1.0-http--download</dif:Type>
      </dif:URL_Content_Type>
      <dif:URL>http://dataexchange.asu.edu:80/gs/ows?layers=geonode%3AACS_AZ_BldgYR_Tracts&amp;service=WMS&amp;format=image%2Fpng&amp;request=GetMap&amp;height=550&amp;width=474&amp;bbox=-194115.315616798000000%2C121845.417979002000000%2C1595162.458333330000000%2C2195580.716207350000000&amp;srs=EPSG%3A2868</dif:URL>
      <dif:Description>Arizona Buildings Age by Boundaries (PNG Format)</dif:Description>
    </dif:Related_URL>
    <dif:Related_URL>
      <dif:URL_Content_Type>
        <dif:Type>WWW:DOWNLOAD-1.0-http--download</dif:Type>
      </dif:URL_Content_Type>
      <dif:URL>http://dataexchange.asu.edu:80/gs/ows?service=WMS&amp;request=GetLegendGraphic&amp;format=image/png&amp;WIDTH=20&amp;HEIGHT=20&amp;LAYER=geonode:ACS_AZ_BldgYR_Tracts&amp;STYLE=ACS_AZ_BldgYR_Tracts&amp;legend_options=fontAntiAliasing:true;fontSize:12;forceLabels:on</dif:URL>
      <dif:Description>Arizona Buildings Age by Boundaries (Legend Format)</dif:Description>
    </dif:Related_URL>
    <dif:Metadata_Name>CEOS IDN DIF</dif:Metadata_Name>
    <dif:Metadata_Version>9.7</dif:Metadata_Version>
  </dif:DIF>
</csw:GetRecordByIdResponse>
